sex,region,year,births
Женщины,Белгородская область,2015,8610
Женщины,Белгородская область,2016,8369
Женщины,Белгородская область,2017,7214
Женщины,Белгородская область,2018,6962
Женщины,Белгородская область,2019,6294
Женщины,Белгородская область,2020,6017
Женщины,Брянская область,2015,6701
Женщины,Брянская область,2016,6562
Женщины,Брянская область,2017,5664
Женщины,Брянская область,2018,5360
Женщины,Брянская область,2019,4846
Женщины,Брянская область,2020,4560
Женщины,Владимирская область,2015,7869
Женщины,Владимирская область,2016,7521
Женщины,Владимирская область,2017,6541
Женщины,Владимирская область,2018,6279
Женщины,Владимирская область,2019,5417
Женщины,Владимирская область,2020,4828
Женщины,Воронежская область,2015,12396
Женщины,Воронежская область,2016,12061
Женщины,Воронежская область,2017,10862
Женщины,Воронежская область,2018,10481
Женщины,Воронежская область,2019,9392
Женщины,Воронежская область,2020,9310
Женщины,Ивановская область,2015,5680
Женщины,Ивановская область,2016,5403
Женщины,Ивановская область,2017,4764
Женщины,Ивановская область,2018,4389
Женщины,Ивановская область,2019,3831
Женщины,Ивановская область,2020,3691
Женщины,Калужская область,2015,6194
Женщины,Калужская область,2016,6023
Женщины,Калужская область,2017,5357
Женщины,Калужская область,2018,5033
Женщины,Калужская область,2019,4303
Женщины,Калужская область,2020,4377
Женщины,Костромская область,2015,3951
Женщины,Костромская область,2016,3852
Женщины,Костромская область,2017,3331
Женщины,Костромская область,2018,2954
Женщины,Костромская область,2019,2803
Женщины,Костромская область,2020,2651
Женщины,Курская область,2015,6418
Женщины,Курская область,2016,6055
Женщины,Курская область,2017,5224
Женщины,Курская область,2018,4985
Женщины,Курская область,2019,4486
Женщины,Курская область,2020,4373
Женщины,Липецкая область,2015,6537
Женщины,Липецкая область,2016,6387
Женщины,Липецкая область,2017,5594
Женщины,Липецкая область,2018,5274
Женщины,Липецкая область,2019,4770
Женщины,Липецкая область,2020,4500
Женщины,Московская область,2015,45786
Женщины,Московская область,2016,47075
Женщины,Московская область,2017,42909
Женщины,Московская область,2018,40198
Женщины,Московская область,2019,35184
Женщины,Московская область,2020,38258
Женщины,Орловская область,2015,4115
Женщины,Орловская область,2016,3966
Женщины,Орловская область,2017,3535
Женщины,Орловская область,2018,3228
Женщины,Орловская область,2019,2919
Женщины,Орловская область,2020,2769
Женщины,Рязанская область,2015,6163
Женщины,Рязанская область,2016,6111
Женщины,Рязанская область,2017,5315
Женщины,Рязанская область,2018,4987
Женщины,Рязанская область,2019,4552
Женщины,Рязанская область,2020,4164
Женщины,Смоленская область,2015,4856
Женщины,Смоленская область,2016,4811
Женщины,Смоленская область,2017,4199
Женщины,Смоленская область,2018,3814
Женщины,Смоленская область,2019,3379
Женщины,Смоленская область,2020,3154
Женщины,Тамбовская область,2015,4954
Женщины,Тамбовская область,2016,4840
Женщины,Тамбовская область,2017,4276
Женщины,Тамбовская область,2018,4095
Женщины,Тамбовская область,2019,3727
Женщины,Тамбовская область,2020,3567
Женщины,Тверская область,2015,7127
Женщины,Тверская область,2016,7149
Женщины,Тверская область,2017,6159
Женщины,Тверская область,2018,5607
Женщины,Тверская область,2019,5277
Женщины,Тверская область,2020,4852
Женщины,Тульская область,2015,7737
Женщины,Тульская область,2016,7380
Женщины,Тульская область,2017,6524
Женщины,Тульская область,2018,6014
Женщины,Тульская область,2019,5481
Женщины,Тульская область,2020,5153
Женщины,Ярославская область,2015,7554
Женщины,Ярославская область,2016,7536
Женщины,Ярославская область,2017,6420
Женщины,Ярославская область,2018,6007
Женщины,Ярославская область,2019,5456
Женщины,Ярославская область,2020,5166
Женщины,Москва,2015,68854
Женщины,Москва,2016,70455
Женщины,Москва,2017,64677
Женщины,Москва,2018,63592
Женщины,Москва,2019,65851
Женщины,Москва,2020,60910
Женщины,Республика Карелия,2015,3713
Женщины,Республика Карелия,2016,3711
Женщины,Республика Карелия,2017,3120
Женщины,Республика Карелия,2018,2916
Женщины,Республика Карелия,2019,2646
Женщины,Республика Карелия,2020,2525
Женщины,Республика Коми,2015,5706
Женщины,Республика Коми,2016,5422
Женщины,Республика Коми,2017,4845
Женщины,Республика Коми,2018,4144
Женщины,Республика Коми,2019,3876
Женщины,Республика Коми,2020,3718
Женщины,Ненецкий автономный округ,2015,365
Женщины,Ненецкий автономный округ,2016,384
Женщины,Ненецкий автономный округ,2017,350
Женщины,Ненецкий автономный округ,2018,279
Женщины,Ненецкий автономный округ,2019,275
Женщины,Ненецкий автономный округ,2020,278
Женщины,Архангельская область,2015,6680
Женщины,Архангельская область,2016,6381
Женщины,Архангельская область,2017,5721
Женщины,Архангельская область,2018,5093
Женщины,Архангельская область,2019,4672
Женщины,Архангельская область,2020,4380
Женщины,Вологодская область,2015,8016
Женщины,Вологодская область,2016,7759
Женщины,Вологодская область,2017,6648
Женщины,Вологодская область,2018,5908
Женщины,Вологодская область,2019,5457
Женщины,Вологодская область,2020,5247
Женщины,Калининградская область,2015,6138
Женщины,Калининградская область,2016,5937
Женщины,Калининградская область,2017,5299
Женщины,Калининградская область,2018,4899
Женщины,Калининградская область,2019,4441
Женщины,Калининградская область,2020,4548
Женщины,Ленинградская область,2015,7750
Женщины,Ленинградская область,2016,7974
Женщины,Ленинградская область,2017,7262
Женщины,Ленинградская область,2018,6820
Женщины,Ленинградская область,2019,6514
Женщины,Ленинградская область,2020,6349
Женщины,Мурманская область,2015,4408
Женщины,Мурманская область,2016,4173
Женщины,Мурманская область,2017,3778
Женщины,Мурманская область,2018,3565
Женщины,Мурманская область,2019,3304
Женщины,Мурманская область,2020,3169
Женщины,Новгородская область,2015,3490
Женщины,Новгородская область,2016,3464
Женщины,Новгородская область,2017,3027
Женщины,Новгородская область,2018,2792
Женщины,Новгородская область,2019,2433
Женщины,Новгородская область,2020,2352
Женщины,Псковская область,2015,3450
Женщины,Псковская область,2016,3444
Женщины,Псковская область,2017,2969
Женщины,Псковская область,2018,2839
Женщины,Псковская область,2019,2624
Женщины,Псковская область,2020,2367
Женщины,Санкт-Петербург,2015,34224
Женщины,Санкт-Петербург,2016,35445
Женщины,Санкт-Петербург,2017,32248
Женщины,Санкт-Петербург,2018,31073
Женщины,Санкт-Петербург,2019,28553
Женщины,Санкт-Петербург,2020,26891
Женщины,Республика Адыгея,2015,2723
Женщины,Республика Адыгея,2016,2571
Женщины,Республика Адыгея,2017,2354
Женщины,Республика Адыгея,2018,2175
Женщины,Республика Адыгея,2019,1976
Женщины,Республика Адыгея,2020,2167
Женщины,Республика Калмыкия,2015,1801
Женщины,Республика Калмыкия,2016,1616
Женщины,Республика Калмыкия,2017,1461
Женщины,Республика Калмыкия,2018,1478
Женщины,Республика Калмыкия,2019,1384
Женщины,Республика Калмыкия,2020,1338
Женщины,Республика Крым,2015,11687
Женщины,Республика Крым,2016,11116
Женщины,Республика Крым,2017,10167
Женщины,Республика Крым,2018,9942
Женщины,Республика Крым,2019,9369
Женщины,Республика Крым,2020,9166
Женщины,Краснодарский край,2015,36055
Женщины,Краснодарский край,2016,35521
Женщины,Краснодарский край,2017,32740
Женщины,Краснодарский край,2018,31015
Женщины,Краснодарский край,2019,29645
Женщины,Краснодарский край,2020,28983
Женщины,Астраханская область,2015,7292
Женщины,Астраханская область,2016,6838
Женщины,Астраханская область,2017,5906
Женщины,Астраханская область,2018,5644
Женщины,Астраханская область,2019,5303
Женщины,Астраханская область,2020,5224
Женщины,Волгоградская область,2015,14135
Женщины,Волгоградская область,2016,13935
Женщины,Волгоградская область,2017,12196
Женщины,Волгоградская область,2018,11406
Женщины,Волгоградская область,2019,10205
Женщины,Волгоградская область,2020,9490
Женщины,Ростовская область,2015,24917
Женщины,Ростовская область,2016,23984
Женщины,Ростовская область,2017,21117
Женщины,Ростовская область,2018,19800
Женщины,Ростовская область,2019,18398
Женщины,Ростовская область,2020,17946
Женщины,Севастополь,2015,2706
Женщины,Севастополь,2016,2605
Женщины,Севастополь,2017,2322
Женщины,Севастополь,2018,2122
Женщины,Севастополь,2019,2116
Женщины,Севастополь,2020,2005
Женщины,Республика Дагестан,2015,26446
Женщины,Республика Дагестан,2016,25665
Женщины,Республика Дагестан,2017,24354
Женщины,Республика Дагестан,2018,23331
Женщины,Республика Дагестан,2019,22040
Женщины,Республика Дагестан,2020,22660
Женщины,Республика Ингушетия,2015,4120
Женщины,Республика Ингушетия,2016,3709
Женщины,Республика Ингушетия,2017,3829
Женщины,Республика Ингушетия,2018,3911
Женщины,Республика Ингушетия,2019,4007
Женщины,Республика Ингушетия,2020,3994
Женщины,Кабардино-Балкарская Республика,2015,6158
Женщины,Кабардино-Балкарская Республика,2016,5901
Женщины,Кабардино-Балкарская Республика,2017,5399
Женщины,Кабардино-Балкарская Республика,2018,5287
Женщины,Кабардино-Балкарская Республика,2019,4720
Женщины,Кабардино-Балкарская Республика,2020,5032
Женщины,Карачаево-Черкесская Республика,2015,2739
Женщины,Карачаево-Черкесская Республика,2016,2721
Женщины,Карачаево-Черкесская Республика,2017,2490
Женщины,Карачаево-Черкесская Республика,2018,2502
Женщины,Карачаево-Черкесская Республика,2019,2443
Женщины,Карачаево-Черкесская Республика,2020,2496
Женщины,Республика Северная Осетия — Алания,2015,4973
Женщины,Республика Северная Осетия — Алания,2016,4760
Женщины,Республика Северная Осетия — Алания,2017,4314
Женщины,Республика Северная Осетия — Алания,2018,4400
Женщины,Республика Северная Осетия — Алания,2019,4149
Женщины,Республика Северная Осетия — Алания,2020,4020
Женщины,Чеченская Республика,2015,15499
Женщины,Чеченская Республика,2016,14494
Женщины,Чеченская Республика,2017,15249
Женщины,Чеченская Республика,2018,14465
Женщины,Чеченская Республика,2019,14366
Женщины,Чеченская Республика,2020,14406
Женщины,Ставропольский край,2015,17681
Женщины,Ставропольский край,2016,17735
Женщины,Ставропольский край,2017,15560
Женщины,Ставропольский край,2018,14863
Женщины,Ставропольский край,2019,13561
Женщины,Ставропольский край,2020,13368
Женщины,Республика Башкортостан,2015,28521
Женщины,Республика Башкортостан,2016,26955
Женщины,Республика Башкортостан,2017,23832
Женщины,Республика Башкортостан,2018,22771
Женщины,Республика Башкортостан,2019,20241
Женщины,Республика Башкортостан,2020,19858
Женщины,Республика Марий Эл,2015,4821
Женщины,Республика Марий Эл,2016,4707
Женщины,Республика Марий Эл,2017,4013
Женщины,Республика Марий Эл,2018,3655
Женщины,Республика Марий Эл,2019,3214
Женщины,Республика Марий Эл,2020,3303
Женщины,Республика Мордовия,2015,3822
Женщины,Республика Мордовия,2016,3927
Женщины,Республика Мордовия,2017,3303
Женщины,Республика Мордовия,2018,3218
Женщины,Республика Мордовия,2019,2871
Женщины,Республика Мордовия,2020,2706
Женщины,Республика Татарстан,2015,27592
Женщины,Республика Татарстан,2016,26838
Женщины,Республика Татарстан,2017,23510
Женщины,Республика Татарстан,2018,22571
Женщины,Республика Татарстан,2019,20807
Женщины,Республика Татарстан,2020,20167
Женщины,Удмуртская Республика,2015,10733
Женщины,Удмуртская Республика,2016,10300
Женщины,Удмуртская Республика,2017,8595
Женщины,Удмуртская Республика,2018,8065
Женщины,Удмуртская Республика,2019,7120
Женщины,Удмуртская Республика,2020,7042
Женщины,Чувашская Республика,2015,8261
Женщины,Чувашская Республика,2016,7866
Женщины,Чувашская Республика,2017,6825
Женщины,Чувашская Республика,2018,6332
Женщины,Чувашская Республика,2019,5649
Женщины,Чувашская Республика,2020,5527
Женщины,Пермский край,2015,18837
Женщины,Пермский край,2016,18176
Женщины,Пермский край,2017,15612
Женщины,Пермский край,2018,14440
Женщины,Пермский край,2019,12974
Женщины,Пермский край,2020,12576
Женщины,Кировская область,2015,8076
Женщины,Кировская область,2016,7986
Женщины,Кировская область,2017,6647
Женщины,Кировская область,2018,6132
Женщины,Кировская область,2019,5531
Женщины,Кировская область,2020,5097
Женщины,Нижегородская область,2015,19400
Женщины,Нижегородская область,2016,18733
Женщины,Нижегородская область,2017,16513
Женщины,Нижегородская область,2018,15321
Женщины,Нижегородская область,2019,14027
Женщины,Нижегородская область,2020,13355
Женщины,Оренбургская область,2015,13627
Женщины,Оренбургская область,2016,12983
Женщины,Оренбургская область,2017,11118
Женщины,Оренбургская область,2018,10458
Женщины,Оренбургская область,2019,9498
Женщины,Оренбургская область,2020,9014
Женщины,Пензенская область,2015,7023
Женщины,Пензенская область,2016,6783
Женщины,Пензенская область,2017,5766
Женщины,Пензенская область,2018,5634
Женщины,Пензенская область,2019,5005
Женщины,Пензенская область,2020,4712
Женщины,Самарская область,2015,19729
Женщины,Самарская область,2016,19585
Женщины,Самарская область,2017,16709
Женщины,Самарская область,2018,16197
Женщины,Самарская область,2019,14270
Женщины,Самарская область,2020,13609
Женщины,Саратовская область,2015,13872
Женщины,Саратовская область,2016,13153
Женщины,Саратовская область,2017,11336
Женщины,Саратовская область,2018,10733
Женщины,Саратовская область,2019,9801
Женщины,Саратовская область,2020,9034
Женщины,Ульяновская область,2015,7336
Женщины,Ульяновская область,2016,7027
Женщины,Ульяновская область,2017,6112
Женщины,Ульяновская область,2018,5761
Женщины,Ульяновская область,2019,5303
Женщины,Ульяновская область,2020,5045
Женщины,Курганская область,2015,5732
Женщины,Курганская область,2016,5195
Женщины,Курганская область,2017,4664
Женщины,Курганская область,2018,4148
Женщины,Курганская область,2019,3673
Женщины,Курганская область,2020,3533
Женщины,Свердловская область,2015,30281
Женщины,Свердловская область,2016,29019
Женщины,Свердловская область,2017,26069
Женщины,Свердловская область,2018,24127
Женщины,Свердловская область,2019,22404
Женщины,Свердловская область,2020,21493
Женщины,Ханты-Мансийский автономный округ — Югра,2015,13198
Женщины,Ханты-Мансийский автономный округ — Югра,2016,12364
Женщины,Ханты-Мансийский автономный округ — Югра,2017,11377
Женщины,Ханты-Мансийский автономный округ — Югра,2018,10822
Женщины,Ханты-Мансийский автономный округ — Югра,2019,10098
Женщины,Ханты-Мансийский автономный округ — Югра,2020,10098
Женщины,Ямало-Ненецкий автономный округ,2015,4371
Женщины,Ямало-Ненецкий автономный округ,2016,3941
Женщины,Ямало-Ненецкий автономный округ,2017,3615
Женщины,Ямало-Ненецкий автономный округ,2018,3546
Женщины,Ямало-Ненецкий автономный округ,2019,3383
Женщины,Ямало-Ненецкий автономный округ,2020,3427
Женщины,Тюменская область,2015,11884
Женщины,Тюменская область,2016,11258
Женщины,Тюменская область,2017,10435
Женщины,Тюменская область,2018,10109
Женщины,Тюменская область,2019,9287
Женщины,Тюменская область,2020,9193
Женщины,Челябинская область,2015,23611
Женщины,Челябинская область,2016,22710
Женщины,Челябинская область,2017,19642
Женщины,Челябинская область,2018,18299
Женщины,Челябинская область,2019,16702
Женщины,Челябинская область,2020,15973
Женщины,Республика Алтай,2015,1898
Женщины,Республика Алтай,2016,1861
Женщины,Республика Алтай,2017,1654
Женщины,Республика Алтай,2018,1625
Женщины,Республика Алтай,2019,1500
Женщины,Республика Алтай,2020,1351
Женщины,Республика Тыва,2015,3623
Женщины,Республика Тыва,2016,3490
Женщины,Республика Тыва,2017,3357
Женщины,Республика Тыва,2018,3135
Женщины,Республика Тыва,2019,2995
Женщины,Республика Тыва,2020,3276
Женщины,Республика Хакасия,2015,3842
Женщины,Республика Хакасия,2016,3636
Женщины,Республика Хакасия,2017,3262
Женщины,Республика Хакасия,2018,2992
Женщины,Республика Хакасия,2019,2679
Женщины,Республика Хакасия,2020,2611
Женщины,Алтайский край,2015,14685
Женщины,Алтайский край,2016,14181
Женщины,Алтайский край,2017,12377
Женщины,Алтайский край,2018,11304
Женщины,Алтайский край,2019,10209
Женщины,Алтайский край,2020,9624
Женщины,Красноярский край,2015,20019
Женщины,Красноярский край,2016,19471
Женщины,Красноярский край,2017,17248
Женщины,Красноярский край,2018,16271
Женщины,Красноярский край,2019,14685
Женщины,Красноярский край,2020,14082
Женщины,Иркутская область,2015,17957
Женщины,Иркутская область,2016,17053
Женщины,Иркутская область,2017,15805
Женщины,Иркутская область,2018,14837
Женщины,Иркутская область,2019,13718
Женщины,Иркутская область,2020,13094
Женщины,Кемеровская область — Кузбасс,2015,16629
Женщины,Кемеровская область — Кузбасс,2016,15751
Женщины,Кемеровская область — Кузбасс,2017,13937
Женщины,Кемеровская область — Кузбасс,2018,13041
Женщины,Кемеровская область — Кузбасс,2019,11539
Женщины,Кемеровская область — Кузбасс,2020,11014
Женщины,Новосибирская область,2015,19054
Женщины,Новосибирская область,2016,18628
Женщины,Новосибирская область,2017,16800
Женщины,Новосибирская область,2018,15753
Женщины,Новосибирская область,2019,14557
Женщины,Новосибирская область,2020,14134
Женщины,Омская область,2015,13843
Женщины,Омская область,2016,12809
Женщины,Омская область,2017,11050
Женщины,Омская область,2018,10252
Женщины,Омская область,2019,9301
Женщины,Омская область,2020,8808
Женщины,Томская область,2015,7199
Женщины,Томская область,2016,6961
Женщины,Томская область,2017,6342
Женщины,Томская область,2018,5660
Женщины,Томская область,2019,5193
Женщины,Томская область,2020,4736
Женщины,Республика Бурятия,2015,8202
Женщины,Республика Бурятия,2016,7904
Женщины,Республика Бурятия,2017,6894
Женщины,Республика Бурятия,2018,6710
Женщины,Республика Бурятия,2019,6049
Женщины,Республика Бурятия,2020,6213
Женщины,Забайкальский край,2015,8117
Женщины,Забайкальский край,2016,7655
Женщины,Забайкальский край,2017,7085
Женщины,Забайкальский край,2018,6562
Женщины,Забайкальский край,2019,6154
Женщины,Забайкальский край,2020,6058
Женщины,Республика Саха (Якутия),2015,8065
Женщины,Республика Саха (Якутия),2016,7533
Женщины,Республика Саха (Якутия),2017,6746
Женщины,Республика Саха (Якутия),2018,6534
Женщины,Республика Саха (Якутия),2019,6260
Женщины,Республика Саха (Якутия),2020,6439
Женщины,Камчатский край,2015,2028
Женщины,Камчатский край,2016,1954
Женщины,Камчатский край,2017,1845
Женщины,Камчатский край,2018,1697
Женщины,Камчатский край,2019,1622
Женщины,Камчатский край,2020,1573
Женщины,Приморский край,2015,11967
Женщины,Приморский край,2016,11445
Женщины,Приморский край,2017,10134
Женщины,Приморский край,2018,9663
Женщины,Приморский край,2019,8793
Женщины,Приморский край,2020,8564
Женщины,Хабаровский край,2015,9270
Женщины,Хабаровский край,2016,8723
Женщины,Хабаровский край,2017,7839
Женщины,Хабаровский край,2018,7297
Женщины,Хабаровский край,2019,7055
Женщины,Хабаровский край,2020,6713
Женщины,Амурская область,2015,5302
Женщины,Амурская область,2016,5020
Женщины,Амурская область,2017,4624
Женщины,Амурская область,2018,4241
Женщины,Амурская область,2019,3897
Женщины,Амурская область,2020,3825
Женщины,Магаданская область,2015,819
Женщины,Магаданская область,2016,758
Женщины,Магаданская область,2017,761
Женщины,Магаданская область,2018,697
Женщины,Магаданская область,2019,634
Женщины,Магаданская область,2020,657
Женщины,Сахалинская область,2015,3262
Женщины,Сахалинская область,2016,3418
Женщины,Сахалинская область,2017,3079
Женщины,Сахалинская область,2018,2897
Женщины,Сахалинская область,2019,2808
Женщины,Сахалинская область,2020,2711
Женщины,Еврейская автономная область,2015,1134
Женщины,Еврейская автономная область,2016,1096
Женщины,Еврейская автономная область,2017,941
Женщины,Еврейская автономная область,2018,919
Женщины,Еврейская автономная область,2019,795
Женщины,Еврейская автономная область,2020,779
Женщины,Чукотский автономный округ,2015,353
Женщины,Чукотский автономный округ,2016,313
Женщины,Чукотский автономный округ,2017,316
Женщины,Чукотский автономный округ,2018,302
Женщины,Чукотский автономный округ,2019,270
Женщины,Чукотский автономный округ,2020,269
Мужчины,Белгородская область,2015,9163
Мужчины,Белгородская область,2016,8878
Мужчины,Белгородская область,2017,7879
Мужчины,Белгородская область,2018,7355
Мужчины,Белгородская область,2019,6889
Мужчины,Белгородская область,2020,6277
Мужчины,Брянская область,2015,7369
Мужчины,Брянская область,2016,6802
Мужчины,Брянская область,2017,5884
Мужчины,Брянская область,2018,5769
Мужчины,Брянская область,2019,5110
Мужчины,Брянская область,2020,4951
Мужчины,Владимирская область,2015,8345
Мужчины,Владимирская область,2016,8133
Мужчины,Владимирская область,2017,6815
Мужчины,Владимирская область,2018,6414
Мужчины,Владимирская область,2019,5684
Мужчины,Владимирская область,2020,5244
Мужчины,Воронежская область,2015,13405
Мужчины,Воронежская область,2016,12875
Мужчины,Воронежская область,2017,11508
Мужчины,Воронежская область,2018,10989
Мужчины,Воронежская область,2019,10184
Мужчины,Воронежская область,2020,9763
Мужчины,Ивановская область,2015,6073
Мужчины,Ивановская область,2016,5744
Мужчины,Ивановская область,2017,5121
Мужчины,Ивановская область,2018,4728
Мужчины,Ивановская область,2019,4107
Мужчины,Ивановская область,2020,3834
Мужчины,Калужская область,2015,6580
Мужчины,Калужская область,2016,6229
Мужчины,Калужская область,2017,5598
Мужчины,Калужская область,2018,5322
Мужчины,Калужская область,2019,4621
Мужчины,Калужская область,2020,4591
Мужчины,Костромская область,2015,4200
Мужчины,Костромская область,2016,3977
Мужчины,Костромская область,2017,3571
Мужчины,Костромская область,2018,3276
Мужчины,Костромская область,2019,2958
Мужчины,Костромская область,2020,2725
Мужчины,Курская область,2015,6614
Мужчины,Курская область,2016,6348
Мужчины,Курская область,2017,5508
Мужчины,Курская область,2018,5271
Мужчины,Курская область,2019,4760
Мужчины,Курская область,2020,4763
Мужчины,Липецкая область,2015,6891
Мужчины,Липецкая область,2016,6707
Мужчины,Липецкая область,2017,5969
Мужчины,Липецкая область,2018,5610
Мужчины,Липецкая область,2019,5018
Мужчины,Липецкая область,2020,4941
Мужчины,Московская область,2015,48400
Мужчины,Московская область,2016,49568
Мужчины,Московская область,2017,45841
Мужчины,Московская область,2018,42890
Мужчины,Московская область,2019,37282
Мужчины,Московская область,2020,40799
Мужчины,Орловская область,2015,4447
Мужчины,Орловская область,2016,4306
Мужчины,Орловская область,2017,3593
Мужчины,Орловская область,2018,3482
Мужчины,Орловская область,2019,3030
Мужчины,Орловская область,2020,2986
Мужчины,Рязанская область,2015,6397
Мужчины,Рязанская область,2016,6681
Мужчины,Рязанская область,2017,5691
Мужчины,Рязанская область,2018,5286
Мужчины,Рязанская область,2019,4684
Мужчины,Рязанская область,2020,4512
Мужчины,Смоленская область,2015,5277
Мужчины,Смоленская область,2016,5034
Мужчины,Смоленская область,2017,4481
Мужчины,Смоленская область,2018,4000
Мужчины,Смоленская область,2019,3700
Мужчины,Смоленская область,2020,3383
Мужчины,Тамбовская область,2015,5370
Мужчины,Тамбовская область,2016,5207
Мужчины,Тамбовская область,2017,4597
Мужчины,Тамбовская область,2018,4194
Мужчины,Тамбовская область,2019,4017
Мужчины,Тамбовская область,2020,3852
Мужчины,Тверская область,2015,7593
Мужчины,Тверская область,2016,7340
Мужчины,Тверская область,2017,6632
Мужчины,Тверская область,2018,5998
Мужчины,Тверская область,2019,5403
Мужчины,Тверская область,2020,5234
Мужчины,Тульская область,2015,8080
Мужчины,Тульская область,2016,7884
Мужчины,Тульская область,2017,6827
Мужчины,Тульская область,2018,6307
Мужчины,Тульская область,2019,5751
Мужчины,Тульская область,2020,5582
Мужчины,Ярославская область,2015,7907
Мужчины,Ярославская область,2016,7787
Мужчины,Ярославская область,2017,6889
Мужчины,Ярославская область,2018,6379
Мужчины,Ярославская область,2019,5716
Мужчины,Ярославская область,2020,5471
Мужчины,Москва,2015,73356
Мужчины,Москва,2016,74809
Мужчины,Москва,2017,68976
Мужчины,Москва,2018,68600
Мужчины,Москва,2019,69786
Мужчины,Москва,2020,64656
Мужчины,Республика Карелия,2015,4013
Мужчины,Республика Карелия,2016,3817
Мужчины,Республика Карелия,2017,3319
Мужчины,Республика Карелия,2018,3134
Мужчины,Республика Карелия,2019,2845
Мужчины,Республика Карелия,2020,2669
Мужчины,Республика Коми,2015,6083
Мужчины,Республика Коми,2016,5798
Мужчины,Республика Коми,2017,4891
Мужчины,Республика Коми,2018,4417
Мужчины,Республика Коми,2019,4042
Мужчины,Республика Коми,2020,3869
Мужчины,Ненецкий автономный округ,2015,402
Мужчины,Ненецкий автономный округ,2016,426
Мужчины,Ненецкий автономный округ,2017,319
Мужчины,Ненецкий автономный округ,2018,339
Мужчины,Ненецкий автономный округ,2019,310
Мужчины,Ненецкий автономный округ,2020,321
Мужчины,Архангельская область,2015,7215
Мужчины,Архангельская область,2016,6895
Мужчины,Архангельская область,2017,6001
Мужчины,Архангельская область,2018,5537
Мужчины,Архангельская область,2019,4970
Мужчины,Архангельская область,2020,4506
Мужчины,Вологодская область,2015,8334
Мужчины,Вологодская область,2016,7966
Мужчины,Вологодская область,2017,6844
Мужчины,Вологодская область,2018,6404
Мужчины,Вологодская область,2019,5715
Мужчины,Вологодская область,2020,5502
Мужчины,Калининградская область,2015,6261
Мужчины,Калининградская область,2016,6252
Мужчины,Калининградская область,2017,5577
Мужчины,Калининградская область,2018,5427
Мужчины,Калининградская область,2019,4852
Мужчины,Калининградская область,2020,4706
Мужчины,Ленинградская область,2015,8318
Мужчины,Ленинградская область,2016,8384
Мужчины,Ленинградская область,2017,7757
Мужчины,Ленинградская область,2018,7130
Мужчины,Ленинградская область,2019,6964
Мужчины,Ленинградская область,2020,6955
Мужчины,Мурманская область,2015,4703
Мужчины,Мурманская область,2016,4357
Мужчины,Мурманская область,2017,4032
Мужчины,Мурманская область,2018,3799
Мужчины,Мурманская область,2019,3369
Мужчины,Мурманская область,2020,3345
Мужчины,Новгородская область,2015,3855
Мужчины,Новгородская область,2016,3740
Мужчины,Новгородская область,2017,3234
Мужчины,Новгородская область,2018,3053
Мужчины,Новгородская область,2019,2756
Мужчины,Новгородская область,2020,2497
Мужчины,Псковская область,2015,3700
Мужчины,Псковская область,2016,3726
Мужчины,Псковская область,2017,3110
Мужчины,Псковская область,2018,3019
Мужчины,Псковская область,2019,2677
Мужчины,Псковская область,2020,2593
Мужчины,Санкт-Петербург,2015,36509
Мужчины,Санкт-Петербург,2016,37287
Мужчины,Санкт-Петербург,2017,34252
Мужчины,Санкт-Петербург,2018,32950
Мужчины,Санкт-Петербург,2019,30317
Мужчины,Санкт-Петербург,2020,28459
Мужчины,Республика Адыгея,2015,2904
Мужчины,Республика Адыгея,2016,2840
Мужчины,Республика Адыгея,2017,2436
Мужчины,Республика Адыгея,2018,2328
Мужчины,Республика Адыгея,2019,2208
Мужчины,Республика Адыгея,2020,2252
Мужчины,Республика Калмыкия,2015,1998
Мужчины,Республика Калмыкия,2016,1848
Мужчины,Республика Калмыкия,2017,1568
Мужчины,Республика Калмыкия,2018,1576
Мужчины,Республика Калмыкия,2019,1430
Мужчины,Республика Калмыкия,2020,1420
Мужчины,Республика Крым,2015,12352
Мужчины,Республика Крым,2016,11828
Мужчины,Республика Крым,2017,10682
Мужчины,Республика Крым,2018,10389
Мужчины,Республика Крым,2019,9745
Мужчины,Республика Крым,2020,9644
Мужчины,Краснодарский край,2015,38062
Мужчины,Краснодарский край,2016,37465
Мужчины,Краснодарский край,2017,34557
Мужчины,Краснодарский край,2018,33504
Мужчины,Краснодарский край,2019,31520
Мужчины,Краснодарский край,2020,30513
Мужчины,Астраханская область,2015,7542
Мужчины,Астраханская область,2016,7401
Мужчины,Астраханская область,2017,6364
Мужчины,Астраханская область,2018,6137
Мужчины,Астраханская область,2019,5678
Мужчины,Астраханская область,2020,5732
Мужчины,Волгоградская область,2015,15200
Мужчины,Волгоградская область,2016,14501
Мужчины,Волгоградская область,2017,12966
Мужчины,Волгоградская область,2018,12157
Мужчины,Волгоградская область,2019,10769
Мужчины,Волгоградская область,2020,10162
Мужчины,Ростовская область,2015,26164
Мужчины,Ростовская область,2016,25054
Мужчины,Ростовская область,2017,22497
Мужчины,Ростовская область,2018,21252
Мужчины,Ростовская область,2019,19332
Мужчины,Ростовская область,2020,18539
Мужчины,Севастополь,2015,2792
Мужчины,Севастополь,2016,2746
Мужчины,Севастополь,2017,2521
Мужчины,Севастополь,2018,2332
Мужчины,Севастополь,2019,2160
Мужчины,Севастополь,2020,2184
Мужчины,Республика Дагестан,2015,28421
Мужчины,Республика Дагестан,2016,27202
Мужчины,Республика Дагестан,2017,25820
Мужчины,Республика Дагестан,2018,24789
Мужчины,Республика Дагестан,2019,23937
Мужчины,Республика Дагестан,2020,24391
Мужчины,Республика Ингушетия,2015,4527
Мужчины,Республика Ингушетия,2016,4041
Мужчины,Республика Ингушетия,2017,4061
Мужчины,Республика Ингушетия,2018,4137
Мужчины,Республика Ингушетия,2019,4245
Мужчины,Республика Ингушетия,2020,4356
Мужчины,Кабардино-Балкарская Республика,2015,6438
Мужчины,Кабардино-Балкарская Республика,2016,6228
Мужчины,Кабардино-Балкарская Республика,2017,5718
Мужчины,Кабардино-Балкарская Республика,2018,5592
Мужчины,Кабардино-Балкарская Республика,2019,5215
Мужчины,Кабардино-Балкарская Республика,2020,5499
Мужчины,Карачаево-Черкесская Республика,2015,3037
Мужчины,Карачаево-Черкесская Республика,2016,2849
Мужчины,Карачаево-Черкесская Республика,2017,2630
Мужчины,Карачаево-Черкесская Республика,2018,2496
Мужчины,Карачаево-Черкесская Республика,2019,2607
Мужчины,Карачаево-Черкесская Республика,2020,2639
Мужчины,Республика Северная Осетия — Алания,2015,5288
Мужчины,Республика Северная Осетия — Алания,2016,5141
Мужчины,Республика Северная Осетия — Алания,2017,4671
Мужчины,Республика Северная Осетия — Алания,2018,4780
Мужчины,Республика Северная Осетия — Алания,2019,4426
Мужчины,Республика Северная Осетия — Алания,2020,4200
Мужчины,Чеченская Республика,2015,16369
Мужчины,Чеченская Республика,2016,15486
Мужчины,Чеченская Республика,2017,16106
Мужчины,Чеченская Республика,2018,15481
Мужчины,Чеченская Республика,2019,15447
Мужчины,Чеченская Республика,2020,15426
Мужчины,Ставропольский край,2015,18704
Мужчины,Ставропольский край,2016,18601
Мужчины,Ставропольский край,2017,16693
Мужчины,Ставропольский край,2018,15807
Мужчины,Ставропольский край,2019,14413
Мужчины,Ставропольский край,2020,14029
Мужчины,Республика Башкортостан,2015,30507
Мужчины,Республика Башкортостан,2016,28673
Мужчины,Республика Башкортостан,2017,25483
Мужчины,Республика Башкортостан,2018,24239
Мужчины,Республика Башкортостан,2019,21526
Мужчины,Республика Башкортостан,2020,21185
Мужчины,Республика Марий Эл,2015,5094
Мужчины,Республика Марий Эл,2016,4830
Мужчины,Республика Марий Эл,2017,4134
Мужчины,Республика Марий Эл,2018,3737
Мужчины,Республика Марий Эл,2019,3469
Мужчины,Республика Марий Эл,2020,3339
Мужчины,Республика Мордовия,2015,4045
Мужчины,Республика Мордовия,2016,4006
Мужчины,Республика Мордовия,2017,3557
Мужчины,Республика Мордовия,2018,3434
Мужчины,Республика Мордовия,2019,3077
Мужчины,Республика Мордовия,2020,2812
Мужчины,Республика Татарстан,2015,29006
Мужчины,Республика Татарстан,2016,28754
Мужчины,Республика Татарстан,2017,24788
Мужчины,Республика Татарстан,2018,23644
Мужчины,Республика Татарстан,2019,21861
Мужчины,Республика Татарстан,2020,21162
Мужчины,Удмуртская Республика,2015,11412
Мужчины,Удмуртская Республика,2016,10695
Мужчины,Удмуртская Республика,2017,9282
Мужчины,Удмуртская Республика,2018,8358
Мужчины,Удмуртская Республика,2019,7481
Мужчины,Удмуртская Республика,2020,7412
Мужчины,Чувашская Республика,2015,8872
Мужчины,Чувашская Республика,2016,8492
Мужчины,Чувашская Республика,2017,7127
Мужчины,Чувашская Республика,2018,6733
Мужчины,Чувашская Республика,2019,5975
Мужчины,Чувашская Республика,2020,5778
Мужчины,Пермский край,2015,19924
Мужчины,Пермский край,2016,19082
Мужчины,Пермский край,2017,16303
Мужчины,Пермский край,2018,15086
Мужчины,Пермский край,2019,13643
Мужчины,Пермский край,2020,12885
Мужчины,Кировская область,2015,8468
Мужчины,Кировская область,2016,8313
Мужчины,Кировская область,2017,7089
Мужчины,Кировская область,2018,6481
Мужчины,Кировская область,2019,5674
Мужчины,Кировская область,2020,5473
Мужчины,Нижегородская область,2015,20694
Мужчины,Нижегородская область,2016,19945
Мужчины,Нижегородская область,2017,17640
Мужчины,Нижегородская область,2018,16700
Мужчины,Нижегородская область,2019,14705
Мужчины,Нижегородская область,2020,14324
Мужчины,Оренбургская область,2015,14750
Мужчины,Оренбургская область,2016,13721
Мужчины,Оренбургская область,2017,11868
Мужчины,Оренбургская область,2018,11311
Мужчины,Оренбургская область,2019,10142
Мужчины,Оренбургская область,2020,9660
Мужчины,Пензенская область,2015,7448
Мужчины,Пензенская область,2016,6922
Мужчины,Пензенская область,2017,6156
Мужчины,Пензенская область,2018,5833
Мужчины,Пензенская область,2019,5315
Мужчины,Пензенская область,2020,4900
Мужчины,Самарская область,2015,21257
Мужчины,Самарская область,2016,20566
Мужчины,Самарская область,2017,17845
Мужчины,Самарская область,2018,16848
Мужчины,Самарская область,2019,15338
Мужчины,Самарская область,2020,14271
Мужчины,Саратовская область,2015,14775
Мужчины,Саратовская область,2016,13982
Мужчины,Саратовская область,2017,12201
Мужчины,Саратовская область,2018,11533
Мужчины,Саратовская область,2019,10346
Мужчины,Саратовская область,2020,9623
Мужчины,Ульяновская область,2015,7669
Мужчины,Ульяновская область,2016,7517
Мужчины,Ульяновская область,2017,6457
Мужчины,Ульяновская область,2018,6225
Мужчины,Ульяновская область,2019,5580
Мужчины,Ульяновская область,2020,5272
Мужчины,Курганская область,2015,5836
Мужчины,Курганская область,2016,5471
Мужчины,Курганская область,2017,4805
Мужчины,Курганская область,2018,4494
Мужчины,Курганская область,2019,3970
Мужчины,Курганская область,2020,3899
Мужчины,Свердловская область,2015,31951
Мужчины,Свердловская область,2016,30821
Мужчины,Свердловская область,2017,27317
Мужчины,Свердловская область,2018,26127
Мужчины,Свердловская область,2019,23635
Мужчины,Свердловская область,2020,22334
Мужчины,Ханты-Мансийский автономный округ — Югра,2015,13666
Мужчины,Ханты-Мансийский автономный округ — Югра,2016,13275
Мужчины,Ханты-Мансийский автономный округ — Югра,2017,11922
Мужчины,Ханты-Мансийский автономный округ — Югра,2018,11716
Мужчины,Ханты-Мансийский автономный округ — Югра,2019,10621
Мужчины,Ханты-Мансийский автономный округ — Югра,2020,10500
Мужчины,Ямало-Ненецкий автономный округ,2015,4542
Мужчины,Ямало-Ненецкий автономный округ,2016,4310
Мужчины,Ямало-Ненецкий автономный округ,2017,3915
Мужчины,Ямало-Ненецкий автономный округ,2018,3668
Мужчины,Ямало-Ненецкий автономный округ,2019,3453
Мужчины,Ямало-Ненецкий автономный округ,2020,3610
Мужчины,Тюменская область,2015,12228
Мужчины,Тюменская область,2016,12011
Мужчины,Тюменская область,2017,10874
Мужчины,Тюменская область,2018,10608
Мужчины,Тюменская область,2019,9905
Мужчины,Тюменская область,2020,9678
Мужчины,Челябинская область,2015,24981
Мужчины,Челябинская область,2016,23939
Мужчины,Челябинская область,2017,20549
Мужчины,Челябинская область,2018,19393
Мужчины,Челябинская область,2019,17529
Мужчины,Челябинская область,2020,17117
Мужчины,Республика Алтай,2015,2125
Мужчины,Республика Алтай,2016,2034
Мужчины,Республика Алтай,2017,1784
Мужчины,Республика Алтай,2018,1722
Мужчины,Республика Алтай,2019,1484
Мужчины,Республика Алтай,2020,1582
Мужчины,Республика Тыва,2015,3869
Мужчины,Республика Тыва,2016,3882
Мужчины,Республика Тыва,2017,3652
Мужчины,Республика Тыва,2018,3402
Мужчины,Республика Тыва,2019,3051
Мужчины,Республика Тыва,2020,3378
Мужчины,Республика Хакасия,2015,4030
Мужчины,Республика Хакасия,2016,3961
Мужчины,Республика Хакасия,2017,3405
Мужчины,Республика Хакасия,2018,3215
Мужчины,Республика Хакасия,2019,2889
Мужчины,Республика Хакасия,2020,2755
Мужчины,Алтайский край,2015,15395
Мужчины,Алтайский край,2016,14553
Мужчины,Алтайский край,2017,13179
Мужчины,Алтайский край,2018,12104
Мужчины,Алтайский край,2019,10876
Мужчины,Алтайский край,2020,10216
Мужчины,Красноярский край,2015,21167
Мужчины,Красноярский край,2016,20357
Мужчины,Красноярский край,2017,18314
Мужчины,Красноярский край,2018,17256
Мужчины,Красноярский край,2019,15458
Мужчины,Красноярский край,2020,14916
Мужчины,Иркутская область,2015,18947
Мужчины,Иркутская область,2016,18526
Мужчины,Иркутская область,2017,16448
Мужчины,Иркутская область,2018,16010
Мужчины,Иркутская область,2019,14540
Мужчины,Иркутская область,2020,13854
Мужчины,Кемеровская область — Кузбасс,2015,17304
Мужчины,Кемеровская область — Кузбасс,2016,16953
Мужчины,Кемеровская область — Кузбасс,2017,14377
Мужчины,Кемеровская область — Кузбасс,2018,13499
Мужчины,Кемеровская область — Кузбасс,2019,12450
Мужчины,Кемеровская область — Кузбасс,2020,11587
Мужчины,Новосибирская область,2015,20024
Мужчины,Новосибирская область,2016,19557
Мужчины,Новосибирская область,2017,17648
Мужчины,Новосибирская область,2018,16920
Мужчины,Новосибирская область,2019,15466
Мужчины,Новосибирская область,2020,14725
Мужчины,Омская область,2015,14683
Мужчины,Омская область,2016,13501
Мужчины,Омская область,2017,11556
Мужчины,Омская область,2018,11062
Мужчины,Омская область,2019,9730
Мужчины,Омская область,2020,9074
Мужчины,Томская область,2015,7415
Мужчины,Томская область,2016,7245
Мужчины,Томская область,2017,6488
Мужчины,Томская область,2018,6125
Мужчины,Томская область,2019,5511
Мужчины,Томская область,2020,5192
Мужчины,Республика Бурятия,2015,8735
Мужчины,Республика Бурятия,2016,8205
Мужчины,Республика Бурятия,2017,7402
Мужчины,Республика Бурятия,2018,7199
Мужчины,Республика Бурятия,2019,6422
Мужчины,Республика Бурятия,2020,6469
Мужчины,Забайкальский край,2015,8627
Мужчины,Забайкальский край,2016,8108
Мужчины,Забайкальский край,2017,7297
Мужчины,Забайкальский край,2018,6984
Мужчины,Забайкальский край,2019,6393
Мужчины,Забайкальский край,2020,6377
Мужчины,Республика Саха (Якутия),2015,8280
Мужчины,Республика Саха (Якутия),2016,7819
Мужчины,Республика Саха (Якутия),2017,7250
Мужчины,Республика Саха (Якутия),2018,6657
Мужчины,Республика Саха (Якутия),2019,6557
Мужчины,Республика Саха (Якутия),2020,6658
Мужчины,Камчатский край,2015,2122
Мужчины,Камчатский край,2016,2103
Мужчины,Камчатский край,2017,1907
Мужчины,Камчатский край,2018,1720
Мужчины,Камчатский край,2019,1686
Мужчины,Камчатский край,2020,1675
Мужчины,Приморский край,2015,12527
Мужчины,Приморский край,2016,12108
Мужчины,Приморский край,2017,10839
Мужчины,Приморский край,2018,10332
Мужчины,Приморский край,2019,9442
Мужчины,Приморский край,2020,9411
Мужчины,Хабаровский край,2015,9815
Мужчины,Хабаровский край,2016,9123
Мужчины,Хабаровский край,2017,8148
Мужчины,Хабаровский край,2018,7810
Мужчины,Хабаровский край,2019,7377
Мужчины,Хабаровский край,2020,7097
Мужчины,Амурская область,2015,5476
Мужчины,Амурская область,2016,5330
Мужчины,Амурская область,2017,4835
Мужчины,Амурская область,2018,4571
Мужчины,Амурская область,2019,4044
Мужчины,Амурская область,2020,3975
Мужчины,Магаданская область,2015,932
Мужчины,Магаданская область,2016,870
Мужчины,Магаданская область,2017,813
Мужчины,Магаданская область,2018,730
Мужчины,Магаданская область,2019,651
Мужчины,Магаданская область,2020,653
Мужчины,Сахалинская область,2015,3413
Мужчины,Сахалинская область,2016,3517
Мужчины,Сахалинская область,2017,3264
Мужчины,Сахалинская область,2018,3085
Мужчины,Сахалинская область,2019,2994
Мужчины,Сахалинская область,2020,2878
Мужчины,Еврейская автономная область,2015,1209
Мужчины,Еврейская автономная область,2016,1111
Мужчины,Еврейская автономная область,2017,971
Мужчины,Еврейская автономная область,2018,958
Мужчины,Еврейская автономная область,2019,888
Мужчины,Еврейская автономная область,2020,847
Мужчины,Чукотский автономный округ,2015,332
Мужчины,Чукотский автономный округ,2016,366
Мужчины,Чукотский автономный округ,2017,333
Мужчины,Чукотский автономный округ,2018,323
Мужчины,Чукотский автономный округ,2019,255
Мужчины,Чукотский автономный округ,2020,277
Оба пола,Белгородская область,2015,17773
Оба пола,Белгородская область,2016,17247
Оба пола,Белгородская область,2017,15093
Оба пола,Белгородская область,2018,14317
Оба пола,Белгородская область,2019,13183
Оба пола,Белгородская область,2020,12294
Оба пола,Брянская область,2015,14070
Оба пола,Брянская область,2016,13364
Оба пола,Брянская область,2017,11548
Оба пола,Брянская область,2018,11129
Оба пола,Брянская область,2019,9956
Оба пола,Брянская область,2020,9511
Оба пола,Владимирская область,2015,16214
Оба пола,Владимирская область,2016,15654
Оба пола,Владимирская область,2017,13356
Оба пола,Владимирская область,2018,12693
Оба пола,Владимирская область,2019,11101
Оба пола,Владимирская область,2020,10072
Оба пола,Воронежская область,2015,25801
Оба пола,Воронежская область,2016,24936
Оба пола,Воронежская область,2017,22370
Оба пола,Воронежская область,2018,21470
Оба пола,Воронежская область,2019,19576
Оба пола,Воронежская область,2020,19073
Оба пола,Ивановская область,2015,11753
Оба пола,Ивановская область,2016,11147
Оба пола,Ивановская область,2017,9885
Оба пола,Ивановская область,2018,9117
Оба пола,Ивановская область,2019,7938
Оба пола,Ивановская область,2020,7525
Оба пола,Калужская область,2015,12774
Оба пола,Калужская область,2016,12252
Оба пола,Калужская область,2017,10955
Оба пола,Калужская область,2018,10355
Оба пола,Калужская область,2019,8924
Оба пола,Калужская область,2020,8968
Оба пола,Костромская область,2015,8151
Оба пола,Костромская область,2016,7829
Оба пола,Костромская область,2017,6902
Оба пола,Костромская область,2018,6230
Оба пола,Костромская область,2019,5761
Оба пола,Костромская область,2020,5376
Оба пола,Курская область,2015,13032
Оба пола,Курская область,2016,12403
Оба пола,Курская область,2017,10732
Оба пола,Курская область,2018,10256
Оба пола,Курская область,2019,9246
Оба пола,Курская область,2020,9136
Оба пола,Липецкая область,2015,13428
Оба пола,Липецкая область,2016,13094
Оба пола,Липецкая область,2017,11563
Оба пола,Липецкая область,2018,10884
Оба пола,Липецкая область,2019,9788
Оба пола,Липецкая область,2020,9441
Оба пола,Московская область,2015,94186
Оба пола,Московская область,2016,96643
Оба пола,Московская область,2017,88750
Оба пола,Московская область,2018,83088
Оба пола,Московская область,2019,72466
Оба пола,Московская область,2020,79057
Оба пола,Орловская область,2015,8562
Оба пола,Орловская область,2016,8272
Оба пола,Орловская область,2017,7128
Оба пола,Орловская область,2018,6710
Оба пола,Орловская область,2019,5949
Оба пола,Орловская область,2020,5755
Оба пола,Рязанская область,2015,12560
Оба пола,Рязанская область,2016,12792
Оба пола,Рязанская область,2017,11006
Оба пола,Рязанская область,2018,10273
Оба пола,Рязанская область,2019,9236
Оба пола,Рязанская область,2020,8676
Оба пола,Смоленская область,2015,10133
Оба пола,Смоленская область,2016,9845
Оба пола,Смоленская область,2017,8680
Оба пола,Смоленская область,2018,7814
Оба пола,Смоленская область,2019,7079
Оба пола,Смоленская область,2020,6537
Оба пола,Тамбовская область,2015,10324
Оба пола,Тамбовская область,2016,10047
Оба пола,Тамбовская область,2017,8873
Оба пола,Тамбовская область,2018,8289
Оба пола,Тамбовская область,2019,7744
Оба пола,Тамбовская область,2020,7419
Оба пола,Тверская область,2015,14720
Оба пола,Тверская область,2016,14489
Оба пола,Тверская область,2017,12791
Оба пола,Тверская область,2018,11605
Оба пола,Тверская область,2019,10680
Оба пола,Тверская область,2020,10086
Оба пола,Тульская область,2015,15817
Оба пола,Тульская область,2016,15264
Оба пола,Тульская область,2017,13351
Оба пола,Тульская область,2018,12321
Оба пола,Тульская область,2019,11232
Оба пола,Тульская область,2020,10735
Оба пола,Ярославская область,2015,15461
Оба пола,Ярославская область,2016,15323
Оба пола,Ярославская область,2017,13309
Оба пола,Ярославская область,2018,12386
Оба пола,Ярославская область,2019,11172
Оба пола,Ярославская область,2020,10637
Оба пола,Москва,2015,142210
Оба пола,Москва,2016,145264
Оба пола,Москва,2017,133653
Оба пола,Москва,2018,132192
Оба пола,Москва,2019,135637
Оба пола,Москва,2020,125566
Оба пола,Республика Карелия,2015,7726
Оба пола,Республика Карелия,2016,7528
Оба пола,Республика Карелия,2017,6439
Оба пола,Республика Карелия,2018,6050
Оба пола,Республика Карелия,2019,5491
Оба пола,Республика Карелия,2020,5194
Оба пола,Республика Коми,2015,11789
Оба пола,Республика Коми,2016,11220
Оба пола,Республика Коми,2017,9736
Оба пола,Республика Коми,2018,8561
Оба пола,Республика Коми,2019,7918
Оба пола,Республика Коми,2020,7587
Оба пола,Ненецкий автономный округ,2015,767
Оба пола,Ненецкий автономный округ,2016,810
Оба пола,Ненецкий автономный округ,2017,669
Оба пола,Ненецкий автономный округ,2018,618
Оба пола,Ненецкий автономный округ,2019,585
Оба пола,Ненецкий автономный округ,2020,599
Оба пола,Архангельская область,2015,13895
Оба пола,Архангельская область,2016,13276
Оба пола,Архангельская область,2017,11722
Оба пола,Архангельская область,2018,10630
Оба пола,Архангельская область,2019,9642
Оба пола,Архангельская область,2020,8886
Оба пола,Вологодская область,2015,16350
Оба пола,Вологодская область,2016,15725
Оба пола,Вологодская область,2017,13492
Оба пола,Вологодская область,2018,12312
Оба пола,Вологодская область,2019,11172
Оба пола,Вологодская область,2020,10749
Оба пола,Калининградская область,2015,12399
Оба пола,Калининградская область,2016,12189
Оба пола,Калининградская область,2017,10876
Оба пола,Калининградская область,2018,10326
Оба пола,Калининградская область,2019,9293
Оба пола,Калининградская область,2020,9254
Оба пола,Ленинградская область,2015,16068
Оба пола,Ленинградская область,2016,16358
Оба пола,Ленинградская область,2017,15019
Оба пола,Ленинградская область,2018,13950
Оба пола,Ленинградская область,2019,13478
Оба пола,Ленинградская область,2020,13304
Оба пола,Мурманская область,2015,9111
Оба пола,Мурманская область,2016,8530
Оба пола,Мурманская область,2017,7810
Оба пола,Мурманская область,2018,7364
Оба пола,Мурманская область,2019,6673
Оба пола,Мурманская область,2020,6514
Оба пола,Новгородская область,2015,7345
Оба пола,Новгородская область,2016,7204
Оба пола,Новгородская область,2017,6261
Оба пола,Новгородская область,2018,5845
Оба пола,Новгородская область,2019,5189
Оба пола,Новгородская область,2020,4849
Оба пола,Псковская область,2015,7150
Оба пола,Псковская область,2016,7170
Оба пола,Псковская область,2017,6079
Оба пола,Псковская область,2018,5858
Оба пола,Псковская область,2019,5301
Оба пола,Псковская область,2020,4960
Оба пола,Санкт-Петербург,2015,70733
Оба пола,Санкт-Петербург,2016,72732
Оба пола,Санкт-Петербург,2017,66500
Оба пола,Санкт-Петербург,2018,64023
Оба пола,Санкт-Петербург,2019,58870
Оба пола,Санкт-Петербург,2020,55350
Оба пола,Республика Адыгея,2015,5627
Оба пола,Республика Адыгея,2016,5411
Оба пола,Республика Адыгея,2017,4790
Оба пола,Республика Адыгея,2018,4503
Оба пола,Республика Адыгея,2019,4184
Оба пола,Республика Адыгея,2020,4419
Оба пола,Республика Калмыкия,2015,3799
Оба пола,Республика Калмыкия,2016,3464
Оба пола,Республика Калмыкия,2017,3029
Оба пола,Республика Калмыкия,2018,3054
Оба пола,Республика Калмыкия,2019,2814
Оба пола,Республика Калмыкия,2020,2758
Оба пола,Республика Крым,2015,24039
Оба пола,Республика Крым,2016,22944
Оба пола,Республика Крым,2017,20849
Оба пола,Республика Крым,2018,20331
Оба пола,Республика Крым,2019,19114
Оба пола,Республика Крым,2020,18810
Оба пола,Краснодарский край,2015,74117
Оба пола,Краснодарский край,2016,72986
Оба пола,Краснодарский край,2017,67297
Оба пола,Краснодарский край,2018,64519
Оба пола,Краснодарский край,2019,61165
Оба пола,Краснодарский край,2020,59496
Оба пола,Астраханская область,2015,14834
Оба пола,Астраханская область,2016,14239
Оба пола,Астраханская область,2017,12270
Оба пола,Астраханская область,2018,11781
Оба пола,Астраханская область,2019,10981
Оба пола,Астраханская область,2020,10956
Оба пола,Волгоградская область,2015,29335
Оба пола,Волгоградская область,2016,28436
Оба пола,Волгоградская область,2017,25162
Оба пола,Волгоградская область,2018,23563
Оба пола,Волгоградская область,2019,20974
Оба пола,Волгоградская область,2020,19652
Оба пола,Ростовская область,2015,51081
Оба пола,Ростовская область,2016,49038
Оба пола,Ростовская область,2017,43614
Оба пола,Ростовская область,2018,41052
Оба пола,Ростовская область,2019,37730
Оба пола,Ростовская область,2020,36485
Оба пола,Севастополь,2015,5498
Оба пола,Севастополь,2016,5351
Оба пола,Севастополь,2017,4843
Оба пола,Севастополь,2018,4454
Оба пола,Севастополь,2019,4276
Оба пола,Севастополь,2020,4189
Оба пола,Республика Дагестан,2015,54867
Оба пола,Республика Дагестан,2016,52867
Оба пола,Республика Дагестан,2017,50174
Оба пола,Республика Дагестан,2018,48120
Оба пола,Республика Дагестан,2019,45977
Оба пола,Республика Дагестан,2020,47051
Оба пола,Республика Ингушетия,2015,8647
Оба пола,Республика Ингушетия,2016,7750
Оба пола,Республика Ингушетия,2017,7890
Оба пола,Республика Ингушетия,2018,8048
Оба пола,Республика Ингушетия,2019,8252
Оба пола,Республика Ингушетия,2020,8350
Оба пола,Кабардино-Балкарская Республика,2015,12596
Оба пола,Кабардино-Балкарская Республика,2016,12129
Оба пола,Кабардино-Балкарская Республика,2017,11117
Оба пола,Кабардино-Балкарская Республика,2018,10879
Оба пола,Кабардино-Балкарская Республика,2019,9935
Оба пола,Кабардино-Балкарская Республика,2020,10531
Оба пола,Карачаево-Черкесская Республика,2015,5776
Оба пола,Карачаево-Черкесская Республика,2016,5570
Оба пола,Карачаево-Черкесская Республика,2017,5120
Оба пола,Карачаево-Черкесская Республика,2018,4998
Оба пола,Карачаево-Черкесская Республика,2019,5050
Оба пола,Карачаево-Черкесская Республика,2020,5135
Оба пола,Республика Северная Осетия — Алания,2015,10261
Оба пола,Республика Северная Осетия — Алания,2016,9901
Оба пола,Республика Северная Осетия — Алания,2017,8985
Оба пола,Республика Северная Осетия — Алания,2018,9180
Оба пола,Республика Северная Осетия — Алания,2019,8575
Оба пола,Республика Северная Осетия — Алания,2020,8220
Оба пола,Чеченская Республика,2015,31868
Оба пола,Чеченская Республика,2016,29980
Оба пола,Чеченская Республика,2017,31355
Оба пола,Чеченская Республика,2018,29946
Оба пола,Чеченская Республика,2019,29813
Оба пола,Чеченская Республика,2020,29832
Оба пола,Ставропольский край,2015,36385
Оба пола,Ставропольский край,2016,36336
Оба пола,Ставропольский край,2017,32253
Оба пола,Ставропольский край,2018,30670
Оба пола,Ставропольский край,2019,27974
Оба пола,Ставропольский край,2020,27397
Оба пола,Республика Башкортостан,2015,59028
Оба пола,Республика Башкортостан,2016,55628
Оба пола,Республика Башкортостан,2017,49315
Оба пола,Республика Башкортостан,2018,47010
Оба пола,Республика Башкортостан,2019,41767
Оба пола,Республика Башкортостан,2020,41043
Оба пола,Республика Марий Эл,2015,9915
Оба пола,Республика Марий Эл,2016,9537
Оба пола,Республика Марий Эл,2017,8147
Оба пола,Республика Марий Эл,2018,7392
Оба пола,Республика Марий Эл,2019,6683
Оба пола,Республика Марий Эл,2020,6642
Оба пола,Республика Мордовия,2015,7867
Оба пола,Республика Мордовия,2016,7933
Оба пола,Республика Мордовия,2017,6860
Оба пола,Республика Мордовия,2018,6652
Оба пола,Республика Мордовия,2019,5948
Оба пола,Республика Мордовия,2020,5518
Оба пола,Республика Татарстан,2015,56598
Оба пола,Республика Татарстан,2016,55592
Оба пола,Республика Татарстан,2017,48298
Оба пола,Республика Татарстан,2018,46215
Оба пола,Республика Татарстан,2019,42668
Оба пола,Республика Татарстан,2020,41329
Оба пола,Удмуртская Республика,2015,22145
Оба пола,Удмуртская Республика,2016,20995
Оба пола,Удмуртская Республика,2017,17877
Оба пола,Удмуртская Республика,2018,16423
Оба пола,Удмуртская Республика,2019,14601
Оба пола,Удмуртская Республика,2020,14454
Оба пола,Чувашская Республика,2015,17133
Оба пола,Чувашская Республика,2016,16358
Оба пола,Чувашская Республика,2017,13952
Оба пола,Чувашская Республика,2018,13065
Оба пола,Чувашская Республика,2019,11624
Оба пола,Чувашская Республика,2020,11305
Оба пола,Пермский край,2015,38761
Оба пола,Пермский край,2016,37258
Оба пола,Пермский край,2017,31915
Оба пола,Пермский край,2018,29526
Оба пола,Пермский край,2019,26617
Оба пола,Пермский край,2020,25461
Оба пола,Кировская область,2015,16544
Оба пола,Кировская область,2016,16299
Оба пола,Кировская область,2017,13736
Оба пола,Кировская область,2018,12613
Оба пола,Кировская область,2019,11205
Оба пола,Кировская область,2020,10570
Оба пола,Нижегородская область,2015,40094
Оба пола,Нижегородская область,2016,38678
Оба пола,Нижегородская область,2017,34153
Оба пола,Нижегородская область,2018,32021
Оба пола,Нижегородская область,2019,28732
Оба пола,Нижегородская область,2020,27679
Оба пола,Оренбургская область,2015,28377
Оба пола,Оренбургская область,2016,26704
Оба пола,Оренбургская область,2017,22986
Оба пола,Оренбургская область,2018,21769
Оба пола,Оренбургская область,2019,19640
Оба пола,Оренбургская область,2020,18674
Оба пола,Пензенская область,2015,14471
Оба пола,Пензенская область,2016,13705
Оба пола,Пензенская область,2017,11922
Оба пола,Пензенская область,2018,11467
Оба пола,Пензенская область,2019,10320
Оба пола,Пензенская область,2020,9612
Оба пола,Самарская область,2015,40986
Оба пола,Самарская область,2016,40151
Оба пола,Самарская область,2017,34554
Оба пола,Самарская область,2018,33045
Оба пола,Самарская область,2019,29608
Оба пола,Самарская область,2020,27880
Оба пола,Саратовская область,2015,28647
Оба пола,Саратовская область,2016,27135
Оба пола,Саратовская область,2017,23537
Оба пола,Саратовская область,2018,22266
Оба пола,Саратовская область,2019,20147
Оба пола,Саратовская область,2020,18657
Оба пола,Ульяновская область,2015,15005
Оба пола,Ульяновская область,2016,14544
Оба пола,Ульяновская область,2017,12569
Оба пола,Ульяновская область,2018,11986
Оба пола,Ульяновская область,2019,10883
Оба пола,Ульяновская область,2020,10317
Оба пола,Курганская область,2015,11568
Оба пола,Курганская область,2016,10666
Оба пола,Курганская область,2017,9469
Оба пола,Курганская область,2018,8642
Оба пола,Курганская область,2019,7643
Оба пола,Курганская область,2020,7432
Оба пола,Свердловская область,2015,62232
Оба пола,Свердловская область,2016,59840
Оба пола,Свердловская область,2017,53386
Оба пола,Свердловская область,2018,50254
Оба пола,Свердловская область,2019,46039
Оба пола,Свердловская область,2020,43827
Оба пола,Ханты-Мансийский автономный округ — Югра,2015,26864
Оба пола,Ханты-Мансийский автономный округ — Югра,2016,25639
Оба пола,Ханты-Мансийский автономный округ — Югра,2017,23299
Оба пола,Ханты-Мансийский автономный округ — Югра,2018,22538
Оба пола,Ханты-Мансийский автономный округ — Югра,2019,20719
Оба пола,Ханты-Мансийский автономный округ — Югра,2020,20598
Оба пола,Ямало-Ненецкий автономный округ,2015,8913
Оба пола,Ямало-Ненецкий автономный округ,2016,8251
Оба пола,Ямало-Ненецкий автономный округ,2017,7530
Оба пола,Ямало-Ненецкий автономный округ,2018,7214
Оба пола,Ямало-Ненецкий автономный округ,2019,6836
Оба пола,Ямало-Ненецкий автономный округ,2020,7037
Оба пола,Тюменская область,2015,24112
Оба пола,Тюменская область,2016,23269
Оба пола,Тюменская область,2017,21309
Оба пола,Тюменская область,2018,20717
Оба пола,Тюменская область,2019,19192
Оба пола,Тюменская область,2020,18871
Оба пола,Челябинская область,2015,48592
Оба пола,Челябинская область,2016,46649
Оба пола,Челябинская область,2017,40191
Оба пола,Челябинская область,2018,37692
Оба пола,Челябинская область,2019,34231
Оба пола,Челябинская область,2020,33090
Оба пола,Республика Алтай,2015,4023
Оба пола,Республика Алтай,2016,3895
Оба пола,Республика Алтай,2017,3438
Оба пола,Республика Алтай,2018,3347
Оба пола,Республика Алтай,2019,2984
Оба пола,Республика Алтай,2020,2933
Оба пола,Республика Тыва,2015,7492
Оба пола,Республика Тыва,2016,7372
Оба пола,Республика Тыва,2017,7009
Оба пола,Республика Тыва,2018,6537
Оба пола,Республика Тыва,2019,6046
Оба пола,Республика Тыва,2020,6654
Оба пола,Республика Хакасия,2015,7872
Оба пола,Республика Хакасия,2016,7597
Оба пола,Республика Хакасия,2017,6667
Оба пола,Республика Хакасия,2018,6207
Оба пола,Республика Хакасия,2019,5568
Оба пола,Республика Хакасия,2020,5366
Оба пола,Алтайский край,2015,30080
Оба пола,Алтайский край,2016,28734
Оба пола,Алтайский край,2017,25556
Оба пола,Алтайский край,2018,23408
Оба пола,Алтайский край,2019,21085
Оба пола,Алтайский край,2020,19840
Оба пола,Красноярский край,2015,41186
Оба пола,Красноярский край,2016,39828
Оба пола,Красноярский край,2017,35562
Оба пола,Красноярский край,2018,33527
Оба пола,Красноярский край,2019,30143
Оба пола,Красноярский край,2020,28998
Оба пола,Иркутская область,2015,36904
Оба пола,Иркутская область,2016,35579
Оба пола,Иркутская область,2017,32253
Оба пола,Иркутская область,2018,30847
Оба пола,Иркутская область,2019,28258
Оба пола,Иркутская область,2020,26948
Оба пола,Кемеровская область — Кузбасс,2015,33933
Оба пола,Кемеровская область — Кузбасс,2016,32704
Оба пола,Кемеровская область — Кузбасс,2017,28314
Оба пола,Кемеровская область — Кузбасс,2018,26540
Оба пола,Кемеровская область — Кузбасс,2019,23989
Оба пола,Кемеровская область — Кузбасс,2020,22601
Оба пола,Новосибирская область,2015,39078
Оба пола,Новосибирская область,2016,38185
Оба пола,Новосибирская область,2017,34448
Оба пола,Новосибирская область,2018,32673
Оба пола,Новосибирская область,2019,30023
Оба пола,Новосибирская область,2020,28859
Оба пола,Омская область,2015,28526
Оба пола,Омская область,2016,26310
Оба пола,Омская область,2017,22606
Оба пола,Омская область,2018,21314
Оба пола,Омская область,2019,19031
Оба пола,Омская область,2020,17882
Оба пола,Томская область,2015,14614
Оба пола,Томская область,2016,14206
Оба пола,Томская область,2017,12830
Оба пола,Томская область,2018,11785
Оба пола,Томская область,2019,10704
Оба пола,Томская область,2020,9928
Оба пола,Республика Бурятия,2015,16937
Оба пола,Республика Бурятия,2016,16109
Оба пола,Республика Бурятия,2017,14296
Оба пола,Республика Бурятия,2018,13909
Оба пола,Республика Бурятия,2019,12471
Оба пола,Республика Бурятия,2020,12682
Оба пола,Забайкальский край,2015,16744
Оба пола,Забайкальский край,2016,15763
Оба пола,Забайкальский край,2017,14382
Оба пола,Забайкальский край,2018,13546
Оба пола,Забайкальский край,2019,12547
Оба пола,Забайкальский край,2020,12435
Оба пола,Республика Саха (Якутия),2015,16345
Оба пола,Республика Саха (Якутия),2016,15352
Оба пола,Республика Саха (Якутия),2017,13996
Оба пола,Республика Саха (Якутия),2018,13191
Оба пола,Республика Саха (Якутия),2019,12817
Оба пола,Республика Саха (Якутия),2020,13097
Оба пола,Камчатский край,2015,4150
Оба пола,Камчатский край,2016,4057
Оба пола,Камчатский край,2017,3752
Оба пола,Камчатский край,2018,3417
Оба пола,Камчатский край,2019,3308
Оба пола,Камчатский край,2020,3248
Оба пола,Приморский край,2015,24494
Оба пола,Приморский край,2016,23553
Оба пола,Приморский край,2017,20973
Оба пола,Приморский край,2018,19995
Оба пола,Приморский край,2019,18235
Оба пола,Приморский край,2020,17975
Оба пола,Хабаровский край,2015,19085
Оба пола,Хабаровский край,2016,17846
Оба пола,Хабаровский край,2017,15987
Оба пола,Хабаровский край,2018,15107
Оба пола,Хабаровский край,2019,14432
Оба пола,Хабаровский край,2020,13810
Оба пола,Амурская область,2015,10778
Оба пола,Амурская область,2016,10350
Оба пола,Амурская область,2017,9459
Оба пола,Амурская область,2018,8812
Оба пола,Амурская область,2019,7941
Оба пола,Амурская область,2020,7800
Оба пола,Магаданская область,2015,1751
Оба пола,Магаданская область,2016,1628
Оба пола,Магаданская область,2017,1574
Оба пола,Магаданская область,2018,1427
Оба пола,Магаданская область,2019,1285
Оба пола,Магаданская область,2020,1310
Оба пола,Сахалинская область,2015,6675
Оба пола,Сахалинская область,2016,6935
Оба пола,Сахалинская область,2017,6343
Оба пола,Сахалинская область,2018,5982
Оба пола,Сахалинская область,2019,5802
Оба пола,Сахалинская область,2020,5589
Оба пола,Еврейская автономная область,2015,2343
Оба пола,Еврейская автономная область,2016,2207
Оба пола,Еврейская автономная область,2017,1912
Оба пола,Еврейская автономная область,2018,1877
Оба пола,Еврейская автономная область,2019,1683
Оба пола,Еврейская автономная область,2020,1626
Оба пола,Чукотский автономный округ,2015,685
Оба пола,Чукотский автономный округ,2016,679
Оба пола,Чукотский автономный округ,2017,649
Оба пола,Чукотский автономный округ,2018,625
Оба пола,Чукотский автономный округ,2019,525
Оба пола,Чукотский автономный округ,2020,546
